,Time,distance,est_height,pitch_corrected,actual_height
0,MRO,28,4197.969999999999,3508.1078520565543,3235
1,Circular_building,3,1551.32,1525.8841936303418,1526
