,Time,distance,est_height,pitch_corrected,actual_height
0,MRO,27.256935657303853,4224.12,3527.6930441551867,3235
1,Circular_building,2.6448678301528967,1583.99,1550.3525770285185,1526
