,Time,distance,est_height,pitch_corrected,actual_height
0,MRO,28,4197.969999999999,8442.83666546927,3235
1,Circular_building,3,1551.32,1966.9810895705732,1526
